word,length,arousal,valence,dominance,concreteness,imageability,familiarity,aoa,semsize,gender
address (postal),7,3.546,5.000,5.114,5.581,4.559,6.094,3.059,3.471,4.000
address (speak to),7,4.000,5.559,6.182,4.114,4.200,4.857,4.800,4.171,3.824
aim (objective),3,4.909,6.382,5.909,3.294,2.909,6.030,4.529,4.500,4.235
aim (target),3,5.200,5.600,6.714,4.677,5.286,5.970,3.618,3.686,4.743
Apple (brand),5,4.849,5.971,4.600,5.943,6.677,6.529,6.000,5.353,4.647
apple (fruit),5,4.636,6.121,5.286,6.765,6.800,6.613,1.576,2.314,3.212
arm (limb),3,3.500,5.583,5.941,6.694,6.882,6.849,1.861,3.389,4.306
arm (weapon),3,5.727,2.758,6.636,5.758,5.563,4.500,5.242,4.939,5.909
arms (limbs),4,3.857,6.086,6.500,6.743,6.600,6.818,1.800,3.600,4.257
arms (weapons),4,5.706,2.059,4.147,6.235,6.294,4.788,5.500,5.441,5.912
ass (donkey),3,3.912,4.743,5.559,6.813,6.743,5.000,4.167,3.486,5.457
ass (insult),3,4.697,2.063,4.188,2.807,2.807,4.656,5.333,3.781,5.455
ball (dance),4,5.657,6.647,5.235,5.543,5.686,4.857,3.800,4.629,2.029
ball (sphere),4,4.152,5.324,5.029,6.029,6.514,6.063,2.000,3.286,4.882
band (music),4,6.286,6.546,6.143,5.559,5.971,6.516,3.412,4.471,4.941
band (ribbon),4,3.353,5.412,5.353,6.364,6.059,5.094,3.412,2.235,2.441
bank (money),4,4.677,5.688,4.281,6.152,6.484,6.367,3.212,5.258,4.742
bank (rely),4,3.546,4.647,4.094,3.152,2.875,4.088,5.469,3.818,4.333
bank (river),4,3.353,5.441,4.531,5.788,6.061,5.031,4.029,4.563,4.061
banks (money),5,4.576,4.206,3.559,5.938,5.735,6.031,3.514,5.765,5.364
banks (river),5,3.469,5.636,4.735,5.906,6.394,5.406,3.941,4.781,4.182
bar (legal),3,3.818,4.871,4.656,4.571,3.818,4.206,5.906,3.909,4.971
bar (metal),3,2.939,4.364,5.382,6.588,6.235,5.029,3.294,3.030,5.118
bar (musical),3,5.235,6.000,5.514,5.177,4.909,5.206,5.303,3.212,3.706
bar (pub),3,5.758,6.029,5.743,6.371,6.400,6.606,4.657,4.571,5.677
barge (boat),5,3.629,5.343,5.171,6.486,6.486,3.743,4.543,5.343,4.943
barge (push),5,5.061,2.970,5.758,4.606,5.030,4.774,4.727,4.242,5.485
bark (dog),4,4.912,4.400,4.879,5.057,5.257,6.152,2.057,3.879,5.343
bark (tree),4,3.606,5.364,5.515,6.063,6.324,5.455,3.235,3.382,4.559
bass (fish),4,3.485,5.242,4.765,6.171,5.706,4.065,4.886,2.294,4.546
bass (guitar),4,5.353,6.400,6.000,6.257,6.171,5.938,4.857,4.171,5.343
bat (animal),3,3.857,5.471,5.059,6.714,6.824,5.353,2.771,2.429,4.829
bat (club),3,4.000,4.727,5.469,6.152,6.212,5.097,3.457,3.406,5.387
beat (hit),4,4.824,3.303,4.938,5.242,5.125,5.000,3.829,4.125,5.200
beat (mix),4,4.546,5.529,5.303,4.849,5.114,5.333,3.943,3.559,4.382
beat (rhythm),4,6.600,6.229,5.629,4.472,3.714,6.091,3.750,4.229,4.389
bit (bite),3,4.000,4.177,5.471,5.029,5.030,5.300,2.581,3.000,4.147
bit (horse bridal),3,2.828,5.241,5.037,6.000,5.593,2.969,5.154,2.346,4.000
bit (small amount),3,2.824,4.686,4.677,3.618,4.235,6.059,2.000,1.714,3.765
blow (hit),4,5.438,2.697,4.774,5.281,5.667,5.000,4.419,4.774,5.333
blow (wind),4,4.543,4.629,4.429,4.514,4.657,5.849,2.429,4.486,4.029
blubber (cry),7,3.853,2.636,3.500,4.030,5.706,4.438,4.059,3.677,2.971
blubber (fat),7,3.265,3.324,4.121,5.882,5.853,3.667,4.882,4.588,4.061
board (enter),5,4.121,5.344,5.091,4.788,4.618,3.943,4.563,3.939,4.182
board (executive),5,3.303,4.909,5.970,4.939,4.849,4.273,5.636,4.697,5.156
board (wooden),5,2.857,4.857,4.943,6.543,6.265,4.971,2.971,3.286,4.853
bonds (money),5,4.273,5.563,4.794,5.257,4.212,4.265,6.057,4.781,4.970
bonds (restraints),5,5.743,3.086,3.029,5.086,5.486,4.559,5.618,4.618,4.714
book (read),4,4.781,6.781,5.839,6.563,6.406,6.677,2.031,3.355,3.364
book (reserve),4,3.714,5.800,6.235,4.706,4.382,5.313,4.086,3.273,4.029
boot (car),4,3.118,4.939,5.606,6.229,6.364,6.206,3.412,3.576,5.057
boot (evict),4,4.294,2.971,4.382,4.029,3.735,3.688,5.441,4.088,5.000
boot (shoe),4,3.618,5.088,5.771,6.667,6.647,6.265,2.543,2.794,4.514
bow (bend),3,3.353,4.788,4.206,4.697,5.029,4.455,3.882,2.625,4.606
bow (ribbon),3,4.257,6.182,4.818,6.059,6.441,5.909,2.515,2.412,2.086
bow (ship),3,3.438,5.233,5.345,6.613,5.968,4.000,4.438,4.548,4.516
bow (weapon),3,4.971,4.314,6.235,6.794,6.636,4.576,3.882,3.743,4.941
box (container),3,2.618,5.147,4.571,6.429,6.294,6.182,1.857,2.941,4.471
box (sport),3,4.212,4.235,6.030,5.394,6.000,4.939,4.057,4.147,6.303
boxer (dog),5,4.147,4.588,5.441,6.647,6.500,4.469,4.529,3.382,5.559
boxer (fighter),5,5.229,3.971,6.188,6.471,6.429,5.000,4.400,5.059,6.343
break (destroy),5,5.912,2.394,5.853,4.941,5.500,6.382,2.273,4.970,5.618
break (luck),5,6.032,7.147,4.655,2.879,3.091,3.849,4.970,4.697,3.909
break (rest),5,4.588,6.788,5.970,4.059,3.970,6.452,2.824,3.438,3.727
bridal (horse),6,3.546,5.029,5.061,6.063,5.636,2.829,5.969,3.969,3.088
bridal (marriage),6,5.667,7.294,4.909,4.594,5.303,5.000,4.353,5.294,1.515
bridge (card game),6,2.765,5.029,5.121,5.324,5.147,3.088,6.088,2.677,4.177
bridge (structure),6,3.529,6.235,5.394,6.800,6.657,6.242,3.229,5.677,5.486
bright (light),6,5.455,6.600,5.412,4.706,5.486,6.177,2.657,4.824,3.571
bright (smart),6,6.771,7.886,6.914,2.914,4.229,6.206,3.657,5.114,3.314
brilliant (great),9,7.212,8.546,7.781,2.576,3.303,6.656,3.152,5.818,3.879
brilliant (intelligent),9,7.235,8.171,7.543,3.029,3.257,6.286,3.714,5.714,3.914
brilliant (luminous),9,6.829,8.118,6.424,3.500,4.371,5.500,4.829,5.849,2.882
bulb (light),4,3.765,6.114,5.515,6.229,6.714,6.171,3.200,3.000,4.229
bulb (plant),4,2.788,6.182,5.500,6.441,6.242,4.353,4.057,2.606,3.469
bunk (bed),4,3.543,5.235,5.273,6.559,6.286,5.235,2.714,3.824,4.824
bunk (truant),4,4.767,3.393,5.655,3.690,3.429,3.313,5.833,3.710,4.967
bust (break),4,4.516,3.419,4.581,3.636,4.516,4.033,4.667,3.613,4.969
bust (breasts),4,6.200,6.114,5.543,6.697,6.647,5.471,5.657,3.743,1.743
bust (sculpture),4,4.484,5.594,5.063,6.219,5.419,3.882,5.500,3.781,3.382
cabinet (closet),7,3.194,5.061,4.938,6.710,6.357,5.129,3.909,3.909,3.533
cabinet (council),7,3.267,4.469,3.313,4.807,4.515,3.906,6.156,5.250,5.194
calf (cow),4,3.515,6.094,4.424,6.697,6.625,5.613,2.788,3.424,3.563
calf (muscle),4,3.765,5.618,5.939,6.576,6.147,5.563,4.794,3.455,4.824
call (shout),4,5.235,4.875,6.515,4.788,4.576,5.969,2.912,4.452,4.375
call (telephone),4,4.588,5.441,5.588,4.735,4.886,6.353,2.771,3.412,3.030
call (visit),4,4.546,6.177,5.853,4.206,4.152,5.471,3.794,3.235,3.353
camp (effeminate),4,4.094,4.613,4.750,3.133,4.839,4.794,5.813,4.000,3.688
camp (tents),4,3.581,5.807,5.065,6.152,6.406,5.387,3.333,3.742,5.125
cane (beat),4,4.576,2.688,4.853,5.813,5.424,3.471,4.563,3.000,4.971
cane (stick),4,4.677,3.529,4.364,6.371,5.882,4.294,4.086,2.818,5.114
cane (sugar),4,4.177,5.941,4.849,6.147,5.882,4.333,4.500,2.529,3.546
cap (hat),3,3.686,5.286,5.229,6.543,6.657,5.353,2.629,2.400,5.657
cap (limit),3,3.273,4.091,3.875,3.455,3.030,4.452,5.061,4.546,4.424
case (container),4,2.727,5.061,4.667,6.563,5.909,5.438,3.343,3.029,4.030
case (instance),4,3.500,4.727,5.059,3.364,2.912,5.438,4.912,3.781,4.588
case (legal),4,3.735,3.765,4.647,4.353,4.121,4.618,5.441,4.824,4.941
cast (actors),4,5.412,5.794,4.629,5.629,5.412,5.400,4.600,4.657,4.371
cast (plaster bandage),4,3.514,3.543,3.294,6.771,6.571,4.857,3.600,3.500,4.229
cast (throw),4,4.182,4.667,6.455,4.606,4.727,4.097,5.188,4.273,4.849
catch (a ball),5,5.257,6.139,6.118,5.147,5.941,6.286,1.833,3.229,5.457
catch (drawback),5,4.156,2.807,3.677,2.781,2.613,4.333,4.594,4.000,4.281
catch (restraint),5,4.941,4.061,4.412,4.375,4.303,5.353,4.206,3.909,4.559
catch (romantic),5,6.412,7.429,5.250,3.000,3.903,3.970,5.429,4.706,3.324
cell (biological),4,3.600,5.771,4.667,5.543,5.000,5.529,5.788,2.455,3.886
cell (jail),4,3.438,2.353,3.121,6.471,6.412,5.091,3.941,3.273,5.412
chair (head),5,3.943,5.656,4.900,4.897,3.903,4.484,5.581,4.161,4.813
chair (seat),5,2.629,5.294,5.606,6.677,6.657,6.457,1.686,3.177,3.970
change (coins),6,4.606,5.500,5.265,6.294,6.303,6.303,3.500,2.265,4.000
change (transform),6,5.829,6.514,6.200,3.771,4.200,6.147,2.943,5.229,3.543
charge (card),6,3.531,4.355,5.031,3.818,4.226,5.500,5.030,3.625,4.323
charge (dependent),6,3.500,4.938,4.625,3.688,2.970,3.500,5.719,3.742,4.355
charge (electric),6,5.909,5.743,4.875,4.636,3.849,5.344,5.206,4.303,4.727
charge (price),6,3.743,4.118,4.182,4.529,4.030,5.765,4.094,4.375,4.853
charge (rush),6,5.936,4.290,6.367,4.290,4.767,4.938,4.733,5.032,5.031
charm (lucky),5,6.412,7.588,5.147,3.294,4.853,5.500,3.588,3.697,3.294
charm (social allure),5,6.206,7.571,6.235,3.029,3.571,5.188,4.706,5.059,4.029
cheer (happiness),5,7.543,8.543,7.029,3.600,5.229,5.743,3.114,5.382,3.147
cheer (support),5,7.424,8.152,6.818,4.515,5.030,5.939,3.030,5.188,2.813
chemistry (rapport),9,5.688,6.606,5.606,3.212,3.688,5.324,5.818,4.313,3.697
chemistry (science),9,4.794,5.571,5.177,4.657,4.313,5.588,5.286,5.242,4.824
chest (cabinet),5,3.086,5.206,5.371,6.200,6.371,5.667,3.147,3.800,4.121
chest (torso),5,5.529,5.765,5.971,6.706,6.235,6.147,2.971,4.000,4.941
class (school),5,3.559,5.229,4.029,5.235,5.677,6.375,2.400,4.677,4.029
class (status),5,3.677,4.097,4.121,2.515,3.281,5.567,5.333,4.813,4.094
cleaner (maid),7,3.471,4.853,4.853,6.294,6.382,5.353,3.515,3.441,1.971
cleaner (more clean),7,4.829,7.029,5.394,3.829,4.057,5.667,3.618,4.121,2.629
close (near),5,4.531,6.273,5.063,3.750,3.727,6.367,2.424,2.849,3.697
close (stairwell),5,3.394,4.879,4.939,5.969,5.849,4.219,4.813,3.548,4.091
cloud (sky),5,4.853,6.059,5.061,6.057,6.429,6.636,2.059,5.314,3.686
cloud (spoil),5,3.000,3.156,3.818,3.645,4.063,3.875,5.563,3.879,4.065
club (card suit),4,3.424,5.515,5.303,5.469,5.735,4.645,3.912,2.875,5.265
club (disco),4,5.824,6.529,5.576,6.324,6.382,6.353,5.000,4.406,3.677
club (hit),4,4.719,3.212,4.933,5.581,5.594,4.688,4.677,4.533,5.406
club (organisation),4,4.800,6.114,5.177,5.543,5.486,6.242,3.229,4.882,4.229
club (tool),4,3.765,3.735,5.375,6.469,6.229,4.563,4.200,3.618,5.697
clutch (bag),6,3.939,5.457,5.000,6.514,6.229,4.912,5.657,2.657,1.677
clutch (car),6,3.588,4.882,5.765,6.400,6.029,5.657,5.800,2.714,5.514
clutch (grab),6,5.343,4.257,4.914,4.514,4.857,4.543,4.800,3.714,3.686
coach (bus),5,3.030,5.286,4.182,6.735,6.457,5.273,3.743,4.697,5.088
coach (trainer),5,4.906,6.000,4.688,5.807,5.697,5.406,4.314,4.177,5.235
coast (beach),5,5.576,7.281,5.424,6.515,6.813,6.161,3.606,5.667,3.061
coast (glide),5,4.424,5.697,5.242,4.061,4.594,4.394,5.406,4.484,3.758
coat (cover),4,3.735,5.212,5.629,5.294,5.629,6.000,3.229,3.121,3.941
coat (jacket),4,3.563,5.735,5.656,6.618,6.758,6.719,2.441,3.794,4.206
cock (bird),4,3.618,5.343,5.324,6.400,6.212,3.200,4.571,3.000,5.559
cock (dick),4,6.059,5.059,5.636,6.114,6.182,5.559,6.286,4.000,6.909
cock (tilt),4,4.206,4.543,5.286,3.941,4.029,3.636,5.471,3.029,5.257
coke (coal),4,3.433,4.844,5.290,5.563,4.939,2.788,5.788,3.290,4.970
coke (cocaine),4,4.588,2.941,4.088,6.412,6.088,5.152,6.147,3.971,4.735
coke (cola),4,5.114,5.324,5.152,6.758,6.758,6.563,2.853,2.912,4.343
cold (illness),4,2.714,2.371,2.771,5.286,5.057,6.324,2.324,3.571,3.971
cold (temperature),4,4.818,3.333,4.485,4.424,4.242,6.697,1.909,4.061,4.515
complex (behaviour),7,5.206,4.265,5.324,2.206,2.294,4.543,5.529,5.353,3.824
complex (buildings),7,3.514,5.029,5.324,5.714,5.143,4.500,6.057,5.588,5.121
complex (difficult),7,5.394,3.813,4.457,3.032,2.788,5.970,5.382,5.235,4.500
content (contents),7,3.800,5.486,5.294,4.441,3.829,5.382,4.647,4.500,4.086
content (happy),7,6.548,8.156,7.267,2.849,4.667,6.267,4.697,5.438,3.226
contract (agreement),8,3.455,5.029,4.735,4.667,4.771,5.469,5.286,4.735,4.576
contract (catch),8,4.333,3.688,3.618,3.606,3.086,4.394,5.706,3.818,4.424
cool (popular),4,5.727,6.719,6.375,2.839,4.063,5.844,3.647,4.486,4.177
cool (temperature),4,3.353,4.412,4.333,4.364,4.029,6.303,2.829,3.441,3.882
corn (foot),4,3.065,2.727,3.788,6.000,5.531,3.382,5.971,1.727,3.788
corn (maize),4,3.086,5.629,5.400,6.429,6.086,5.265,3.257,2.800,3.971
corner (edge),6,3.441,4.353,5.294,5.941,6.235,6.147,2.559,2.657,4.364
corner (surround),6,4.121,4.182,4.177,4.029,4.735,5.091,3.824,3.657,4.313
couch (express),5,3.630,5.074,5.167,4.304,4.167,2.939,4.741,3.500,4.296
couch (sofa),5,4.091,5.886,5.147,6.714,6.706,6.121,2.229,4.171,4.265
count (numbers),5,3.029,4.941,5.735,3.629,3.235,5.970,2.257,3.882,4.088
count (title),5,3.242,5.000,5.242,4.433,4.032,3.697,5.029,3.971,5.656
counter (keeping account),7,3.086,5.056,5.059,4.583,3.286,4.088,5.278,3.800,4.143
counter (oppose),7,4.515,3.656,5.906,3.212,2.938,4.727,5.333,4.576,4.424
counter (worktop),7,3.500,5.394,5.088,6.576,6.265,5.969,3.647,3.849,4.471
couple (a few),6,4.059,5.229,5.229,4.314,4.886,6.118,2.771,2.457,3.886
couple (romantic pair),6,6.382,7.515,5.471,5.364,6.235,6.353,4.324,4.500,3.029
course (class),6,4.194,5.469,4.485,4.688,4.226,6.233,5.273,4.419,3.906
course (path),6,4.294,5.943,5.853,4.364,4.914,4.971,4.886,4.514,4.143
court (law),5,3.970,4.088,3.688,5.667,5.606,5.546,4.636,5.471,4.909
court (sport),5,3.788,5.469,5.636,5.686,5.788,4.882,4.177,4.219,4.886
court (woo),5,6.100,6.484,5.448,3.767,4.400,3.813,5.793,4.633,3.938
cowboy (reckless),6,5.667,4.065,5.750,4.344,4.667,3.471,5.177,4.290,5.970
cowboy (wild west),6,5.364,5.743,5.912,5.618,6.600,5.371,2.943,4.500,6.618
crab (cranky person),4,3.412,2.412,4.618,3.677,4.794,3.343,5.061,4.171,4.294
crab (shellfish),4,3.242,5.125,5.485,6.576,6.606,5.594,2.667,2.594,4.667
craft (skill),5,4.794,6.765,6.152,4.546,4.031,4.788,4.371,4.576,4.546
craft (vessel),5,3.515,5.294,5.212,6.057,5.706,3.939,4.600,4.971,5.000
crank (grouch),5,4.345,2.690,5.065,3.552,4.000,2.939,5.065,3.833,5.452
crank (winch),5,3.710,4.344,5.167,5.091,4.700,3.471,5.909,3.613,5.031
credit (money),6,5.441,6.600,5.485,4.667,4.412,5.515,5.177,4.636,4.546
credit (praise),6,5.371,7.677,6.059,3.618,3.094,5.000,4.677,4.581,3.559
cricket (insect),7,2.971,4.571,5.118,6.514,6.600,4.706,3.800,1.879,4.657
cricket (sport),7,2.794,5.242,5.000,6.412,6.559,5.273,3.735,4.059,5.667
crisp (chip),5,4.406,5.636,5.394,6.531,6.485,6.031,2.636,2.212,4.242
crisp (sharp),5,5.914,5.882,6.114,4.000,4.514,4.714,4.743,3.257,4.229
crook (criminal),5,5.529,1.912,3.941,5.818,6.121,5.029,3.853,4.394,5.706
crook (stick),5,2.879,4.714,5.000,5.364,5.267,2.706,4.875,3.265,4.788
cross (an object),5,3.250,4.576,4.849,5.909,5.794,4.853,3.424,2.939,4.063
cross (annoyed),5,4.686,2.794,5.543,3.743,4.686,5.771,2.529,4.314,3.714
cross (offend),5,4.879,2.824,4.546,2.879,2.879,4.529,4.382,4.324,4.750
cross (pass),5,3.424,4.853,5.559,4.571,4.618,4.794,3.824,3.800,4.588
cry (shout),3,5.618,3.143,4.857,4.829,4.813,5.788,2.471,4.559,3.061
cry (weep),3,4.912,2.686,4.257,5.114,6.029,6.147,1.943,4.114,2.677
cues (prompts),4,4.515,4.969,4.118,4.161,3.688,4.546,5.735,3.441,3.788
cues (snooker),4,2.849,5.177,5.424,6.206,6.457,4.629,4.618,2.727,5.559
cut (clip),3,3.788,4.677,5.229,5.030,4.829,4.686,3.471,2.686,4.206
cut (of meat),3,4.061,5.400,5.576,5.750,5.853,4.824,4.667,3.030,5.455
cut (share),3,3.600,5.412,4.576,4.030,3.515,4.588,3.971,3.063,4.000
cut (wound),3,5.406,2.813,4.226,6.000,6.156,6.387,2.323,3.452,4.667
date (calendar),4,3.394,5.031,4.941,4.971,5.206,6.406,3.118,3.286,3.529
date (fruit),4,3.657,5.657,5.471,6.029,6.000,4.781,3.647,2.059,3.171
date (romantic),4,7.156,7.742,5.774,4.406,5.469,6.226,4.061,4.548,2.000
deal (bargain),4,4.794,6.324,5.912,3.559,3.971,5.853,3.882,4.235,4.971
deal (playing cards),4,4.735,5.677,5.939,5.000,5.429,5.265,4.286,3.212,5.314
deal (with),4,4.152,5.029,5.909,3.059,2.794,5.758,4.529,4.303,4.177
deck (cards),4,4.000,5.290,5.500,6.313,6.152,5.758,3.939,2.455,4.875
deck (ship),4,3.971,5.206,5.156,6.441,6.485,5.188,3.618,5.636,5.382
digit (finger),5,3.771,5.000,5.086,6.086,5.943,4.382,4.571,2.706,4.171
digit (number),5,3.212,5.177,5.382,5.765,6.147,6.000,3.912,2.941,4.324
digits (fingers),6,4.059,5.229,5.829,6.265,6.559,4.086,4.886,2.559,4.265
digits (numbers),6,3.829,4.971,5.114,5.600,6.114,5.200,3.857,2.800,4.588
dock (deduct),4,3.903,3.424,3.656,3.862,2.364,3.697,5.875,3.781,4.529
dock (ship),4,3.719,5.382,4.636,6.188,6.182,4.813,4.177,5.125,5.371
dope (drugs),4,5.500,2.677,3.618,5.818,5.794,5.000,6.118,3.970,5.382
dope (idiot),4,3.353,2.543,4.324,3.343,4.061,3.750,5.000,3.559,4.912
dough (baking),5,4.706,6.206,5.735,6.471,6.206,5.529,3.118,3.059,2.912
dough (money),5,5.485,6.314,5.177,5.857,5.758,3.515,5.212,4.229,5.353
dove (bird),4,4.529,6.686,5.824,6.229,6.429,5.941,3.429,2.629,2.143
dove (dive),4,4.438,4.939,5.625,4.438,5.094,4.433,4.061,3.290,4.219
down (direction),4,3.188,4.147,3.936,4.710,4.469,6.559,2.286,3.469,4.636
down (fur),4,3.000,4.844,4.909,5.936,5.379,3.563,5.250,3.281,3.412
down (sad),4,3.188,2.750,3.129,2.875,4.849,6.065,3.125,3.968,4.031
draft (breeze),5,3.515,4.788,4.424,4.563,4.546,5.909,3.543,2.697,3.576
draft (first version),5,3.177,5.382,5.618,5.088,4.471,6.121,5.618,3.500,4.147
draw (artistic),4,5.152,6.143,6.029,4.343,5.229,5.879,2.057,4.000,3.206
draw (attract),4,6.206,6.824,5.971,2.886,3.543,4.875,4.500,4.743,3.343
draw (choose),4,4.514,5.486,5.235,4.114,3.971,4.546,4.057,3.543,3.971
draw (tie),4,3.313,4.909,5.333,4.636,4.188,5.063,4.125,3.091,4.485
dress (formal),5,5.688,6.645,5.625,5.031,5.875,6.125,3.606,3.879,2.375
dress (put on clothes),5,5.265,6.212,6.813,5.147,5.794,6.647,1.971,3.788,2.588
dress (skirt),5,5.788,6.000,5.200,6.543,6.781,6.344,2.543,3.206,1.529
drill (practice),5,4.324,4.485,3.714,4.286,4.382,4.063,4.882,3.571,5.088
drill (tool),5,3.629,4.943,6.343,6.515,6.543,5.647,3.529,3.441,6.000
drive (car),5,5.529,5.886,6.514,5.818,6.177,6.438,2.771,4.353,5.029
drive (motivation),5,6.375,7.600,7.303,2.849,3.030,5.758,5.265,5.242,4.588
drop (fall),4,4.469,3.438,3.967,4.813,5.344,5.750,2.839,4.355,4.125
drop (rain),4,3.765,5.086,5.030,5.886,6.500,6.121,2.457,1.471,3.088
duck (bird),4,3.121,5.788,5.031,6.788,6.849,5.719,1.818,2.636,3.697
duck (cricket),4,2.793,4.815,5.148,4.000,4.000,2.061,6.000,3.333,5.419
duck (crouch),4,3.941,4.514,4.636,4.486,4.943,4.629,3.353,2.765,4.706
dummy (idiot),5,3.229,2.143,3.938,3.457,4.788,3.875,3.400,3.303,4.706
dummy (mannequin),5,3.265,4.697,4.636,6.333,6.485,4.781,3.824,3.129,3.235
dummy (nipple),5,4.000,5.364,4.343,5.688,5.824,3.771,2.758,2.152,2.559
even (odd),4,3.265,5.882,5.629,3.265,3.314,5.515,2.971,3.588,3.441
even (still),4,3.486,5.063,5.333,3.690,3.441,4.968,4.177,3.371,3.794
execute (accomplish),7,5.571,7.086,6.706,3.500,3.000,4.086,5.943,5.424,5.086
execute (kill),7,5.606,1.485,3.970,5.235,5.118,4.559,5.235,5.382,5.677
faint (colllapse),5,4.882,2.941,3.121,4.818,5.636,5.559,3.939,3.849,2.853
faint (weak),5,3.765,3.000,2.424,3.743,4.333,5.323,4.229,2.471,3.177
fair (exhibition),4,5.324,6.086,5.235,5.294,5.273,4.765,3.857,4.324,3.375
fair (honest),4,4.606,7.735,6.235,2.758,3.061,6.177,3.353,4.647,2.677
fair (light),4,4.200,6.000,5.257,4.343,4.743,5.059,3.588,3.429,2.743
fair (weather),4,4.324,6.324,5.059,3.588,5.088,4.625,4.471,3.853,3.294
fall (drop),4,3.765,3.667,3.750,4.606,4.824,5.324,2.697,4.000,3.886
fall (season),4,4.125,6.063,4.742,5.250,5.719,4.719,5.032,4.469,3.636
fans (air),4,3.727,5.515,5.125,6.206,5.971,5.353,3.412,2.938,3.912
fans (sports),4,4.697,5.400,5.333,5.879,6.118,5.406,3.886,4.697,5.882
fare (charge),4,3.250,3.750,3.667,4.879,3.970,5.303,4.594,3.788,4.121
fare (food),4,4.423,5.807,5.000,5.519,5.071,2.912,5.069,3.929,3.500
fast (quick),4,6.091,6.273,6.156,3.515,4.727,6.485,2.121,3.871,4.844
fast (starve),4,3.571,3.121,4.485,4.636,3.086,4.800,4.912,3.971,3.382
father (dad),6,4.515,6.909,4.941,6.143,6.424,6.636,1.429,4.970,6.727
father (priest),6,2.882,4.743,3.500,5.618,5.971,5.324,3.824,3.677,6.529
feet (body),4,3.469,5.182,5.765,6.576,6.455,6.677,1.735,3.031,4.171
feet (length),4,3.471,5.177,4.882,5.000,4.824,5.094,4.441,3.500,4.735
fiddle (adjust),6,4.656,4.781,5.156,4.121,4.438,5.125,3.879,2.581,3.394
fiddle (violin),6,4.818,5.794,5.094,6.546,6.647,4.667,4.500,3.091,3.324
figure (body shape),6,5.677,5.606,4.618,5.229,6.029,6.250,4.800,4.353,2.061
figure (graph),6,2.677,4.714,4.412,5.152,5.441,5.273,5.314,3.177,4.886
figure (number),6,3.226,4.807,5.000,4.813,5.563,5.750,3.879,3.581,4.226
figure (reckon),6,3.455,5.091,5.600,2.706,2.514,4.771,5.371,3.912,4.200
file (record),4,3.063,4.794,4.939,5.242,5.182,5.382,4.618,3.000,3.657
file (tool),4,2.871,5.000,5.323,6.633,6.125,4.781,5.033,2.807,4.719
fire (employment),4,5.714,2.257,4.743,4.114,3.971,5.086,4.400,4.886,5.029
fire (flames),4,6.571,4.029,4.875,6.324,6.824,6.455,2.400,5.677,4.559
fire (gun),4,5.353,3.063,5.333,5.355,5.750,5.394,3.529,4.324,5.727
fit (convulsion),3,4.758,2.485,3.061,5.182,5.333,4.853,5.212,4.515,4.156
fit (healthy),3,6.970,8.235,7.059,4.371,5.697,6.265,3.912,4.743,4.618
fit (suitable),3,4.625,6.125,5.618,3.353,3.441,5.879,4.371,3.857,4.088
flick (movement),5,6.000,5.000,5.618,4.882,6.029,5.206,3.294,2.333,3.735
flick (movie),5,5.121,6.500,5.194,5.938,5.118,4.121,5.000,4.091,2.882
fly (insect),3,2.971,4.091,5.029,6.382,6.735,6.059,2.143,1.471,4.324
fly (through air),3,6.594,6.677,6.029,4.471,5.647,6.030,2.529,4.824,3.853
foil (metal),4,3.371,5.030,5.029,6.171,5.743,5.286,3.457,2.853,4.647
foil (prevent),4,4.424,3.794,5.242,2.818,2.625,4.333,5.516,3.706,4.531
foot (body),4,2.765,5.324,5.412,6.735,6.788,6.559,1.765,2.364,4.529
foot (length),4,3.486,4.939,4.914,5.588,4.800,5.758,4.286,3.485,5.000
fork (cutlery),4,3.177,5.441,5.794,6.771,6.853,6.758,2.056,2.194,4.083
fork (road),4,3.909,4.875,4.727,5.727,5.727,4.367,4.750,4.000,4.788
foul (disgusting),4,3.771,1.571,3.500,2.647,4.265,4.750,4.657,4.571,4.943
foul (penalty),4,3.625,2.774,4.188,3.781,4.094,5.094,4.094,3.742,5.375
fuck (exclamation),4,7.088,3.735,6.343,2.909,3.177,6.629,5.914,5.229,5.429
fuck (sex),4,8.059,6.971,6.849,4.849,6.219,6.606,5.912,5.529,5.382
gag (choker),3,4.257,3.143,3.429,5.886,5.343,4.200,5.059,3.314,4.429
gag (joke),3,5.333,6.441,5.455,3.735,3.471,5.000,5.029,3.177,4.515
game (animal),4,4.364,5.235,5.594,5.813,6.152,4.844,5.412,3.750,4.914
game (sport),4,4.563,6.000,5.765,5.412,5.618,6.088,2.382,4.794,5.735
gay (homosexual),3,4.771,5.343,5.147,4.657,5.000,6.324,5.314,4.794,5.556
gay (joyous),3,6.364,8.156,6.281,3.515,4.606,4.250,5.000,4.606,3.455
general (common),7,3.265,5.061,5.061,3.242,2.758,6.242,4.441,4.147,4.000
general (military),7,4.943,4.765,5.514,5.824,5.824,4.364,5.000,5.455,6.471
glasses (drinks),7,4.714,5.647,5.588,6.314,6.457,6.353,2.600,2.886,4.086
glasses (eye),7,3.333,5.500,4.758,6.647,6.794,6.382,2.647,2.706,4.061
gorge (canyon),5,5.406,5.118,4.697,6.143,6.088,3.118,5.441,6.314,4.971
gorge (overeat),5,4.667,2.879,4.324,4.400,5.147,4.353,5.286,4.794,4.294
grade (mark),5,4.147,5.177,4.412,4.647,4.529,6.303,4.177,4.061,4.333
grade (slope),5,3.257,4.912,5.030,4.706,4.314,3.424,5.857,4.471,4.143
grain (sand),5,3.486,5.294,4.800,6.429,6.429,5.059,3.400,1.371,3.829
grain (wheat),5,2.394,5.849,5.156,6.188,6.091,5.333,3.667,2.030,3.879
grave (cemetary),5,3.706,2.667,3.735,6.457,6.382,5.727,3.629,5.265,4.576
grave (serious),5,4.559,2.629,4.853,2.886,3.647,4.688,5.371,4.941,4.886
green (colour),5,4.588,5.886,5.059,4.647,6.882,6.636,1.714,3.886,3.743
green (environmental),5,4.394,7.114,5.455,3.375,4.171,5.813,4.971,5.727,3.030
green (naive),5,3.839,3.968,4.094,2.833,2.688,3.194,5.781,3.194,3.807
groom (bride),5,5.583,7.000,5.394,6.273,6.677,5.939,3.861,4.286,6.028
groom (look after),5,5.000,7.000,5.667,3.667,4.515,4.781,4.636,3.546,3.758
habit (nun),5,3.281,4.667,4.233,5.433,5.167,3.000,5.433,3.375,2.258
habit (smoking),5,3.697,2.061,3.364,4.097,4.457,5.667,4.371,4.800,4.794
hammered (drunk),8,5.829,3.765,3.857,3.457,5.735,5.629,6.429,4.514,5.912
hammered (nail),8,4.457,4.412,5.735,5.265,5.286,5.177,3.971,3.471,5.971
hard (not easy),4,4.257,3.229,3.943,3.429,3.371,6.091,2.400,4.412,4.571
hard (not soft),4,5.121,4.294,5.618,5.156,4.257,6.294,2.057,4.265,5.515
harp (instrument),4,4.061,6.114,4.429,6.771,6.400,4.371,4.200,4.029,2.457
harp (pick on),4,4.849,4.606,4.618,4.636,4.735,3.515,4.970,3.788,3.125
hawk (bird),4,5.500,5.235,5.303,6.706,6.765,5.438,3.618,3.727,4.971
hawk (sell),4,4.031,4.700,5.615,3.533,3.452,2.438,6.032,3.483,4.759
head (body),4,4.824,5.912,6.677,6.706,6.677,6.677,1.647,3.500,4.353
head (leader),4,5.235,6.657,6.265,4.686,5.121,5.265,3.765,5.400,5.206
head (semen),4,5.788,5.129,5.182,5.727,5.212,4.324,6.576,2.656,6.353
hearing (court),7,3.571,3.486,3.909,4.714,5.086,4.343,6.029,5.242,4.941
hearing (ear),7,4.606,6.382,5.697,4.941,4.147,6.273,2.882,4.394,4.206
hen (chicken),3,3.588,5.629,5.147,6.600,6.824,5.909,2.361,2.194,1.833
hen (woman),3,4.546,5.438,4.727,5.375,5.688,4.061,5.121,3.394,1.485
hit (beat on),3,4.879,2.824,4.576,5.000,4.576,5.147,2.794,4.441,5.088
hit (music),3,5.657,6.813,5.735,4.000,4.091,5.485,4.177,4.286,3.735
hold (grasp),4,4.765,5.294,6.531,4.735,4.697,6.313,2.735,3.818,4.576
hold (store),4,3.086,5.714,5.576,4.500,4.121,4.273,4.057,4.758,4.412
hooker (prostitute),6,5.438,2.606,4.485,6.091,6.500,4.813,6.382,4.424,2.286
hooker (rugby),6,3.533,5.033,5.733,5.733,5.310,2.618,6.571,3.962,6.097
hound (dog),5,5.152,5.333,5.758,6.576,6.594,5.000,4.242,3.606,5.500
hound (persist),5,4.727,3.265,4.824,2.970,3.758,4.485,5.824,4.152,4.941
interest (attention),8,6.286,7.294,6.500,2.618,2.743,6.177,3.882,4.882,3.471
interest (monetary),8,4.061,5.364,4.750,3.576,3.097,5.030,6.258,4.333,5.000
iron (metal),4,3.100,5.167,5.879,6.727,6.406,6.125,3.656,3.839,5.546
iron (press),4,2.912,4.857,4.943,5.743,6.353,5.353,3.829,3.206,3.353
issue (distribute),5,3.714,5.600,5.229,3.206,3.647,4.441,5.559,4.343,3.943
issue (topic),5,4.849,4.879,5.471,3.364,3.235,5.882,5.324,4.727,3.971
jam (preserve),3,3.576,5.912,5.188,6.471,6.286,5.794,2.286,2.353,3.200
jam (traffic),3,4.286,3.057,3.000,6.000,6.571,6.059,3.667,5.182,5.056
joint (elbow),5,3.424,5.029,4.788,6.500,6.353,5.625,3.714,2.941,4.235
joint (meat),5,4.697,5.424,5.531,5.875,6.412,5.576,4.441,3.152,5.371
judge (courtroom),5,4.969,4.818,4.313,5.879,6.303,5.212,4.152,5.091,5.333
judge (evaluate),5,5.088,4.559,6.486,2.971,3.143,5.714,4.543,5.171,4.114
jumper (athlete),6,5.353,5.909,5.697,6.152,6.250,4.882,4.091,3.909,4.971
jumper (sweater),6,3.636,6.000,5.353,6.677,6.677,6.333,2.486,3.647,4.294
key (crucial),3,5.000,6.677,5.871,3.182,2.774,5.897,5.030,5.355,3.970
key (keyboard),3,3.382,5.471,5.514,6.588,6.500,6.219,3.829,2.265,4.088
key (lock),3,4.188,5.514,6.281,6.531,6.606,6.235,2.546,2.667,4.250
key (musical),3,4.909,6.382,5.324,4.853,4.118,5.094,4.030,3.313,3.343
kids (children),4,4.457,6.765,5.031,6.206,6.455,6.455,2.171,3.618,2.500
kids (goats),4,3.515,5.171,4.600,6.400,6.441,3.794,4.286,2.971,3.743
kind (nice),4,5.697,8.000,5.969,3.226,3.516,6.250,2.424,4.471,2.529
kind (type),4,3.758,5.758,4.971,3.030,3.343,5.303,2.800,3.882,3.677
kite (bird),4,4.094,5.794,5.265,6.471,5.563,3.030,5.667,2.485,3.394
kite (toy),4,5.235,6.794,5.882,6.429,6.514,5.588,2.265,2.686,4.057
kiwi (bird),4,3.600,5.485,5.303,6.429,6.059,4.088,4.886,2.706,3.697
kiwi (fruit),4,4.857,6.057,5.429,6.424,6.600,5.818,2.857,2.314,3.257
kiwi (New Zealander),4,5.063,5.742,5.000,5.161,5.100,3.767,6.032,3.645,4.290
knots (rope),5,3.969,4.546,5.091,6.061,6.455,5.546,3.400,2.853,4.971
knots (speed),5,4.250,5.333,5.394,3.788,2.727,3.324,5.912,3.781,5.333
landing (plane),7,4.546,5.879,5.030,5.471,5.971,5.559,3.441,4.765,4.688
landing (stairs),7,3.294,5.147,5.156,6.343,6.229,4.677,3.500,3.914,3.912
lark (bird),4,3.800,6.438,5.258,6.548,5.621,4.406,4.871,2.533,2.900
lark (fun),4,5.938,7.313,6.344,3.469,4.375,2.727,5.375,4.250,4.063
lead (direct),4,4.941,5.706,6.457,3.600,4.382,5.543,4.000,4.943,4.771
lead (heavy metal),4,3.200,4.371,5.114,6.543,5.457,4.629,4.743,4.457,5.400
lead (leash),4,4.091,4.758,4.606,6.061,6.182,5.606,3.000,3.030,4.546
lean (skinny),4,4.758,5.212,4.424,4.455,5.281,4.758,5.000,2.406,3.091
lean (tilt),4,3.647,4.735,4.912,4.455,5.242,5.471,3.382,3.594,3.727
leg (component),3,3.438,5.645,5.594,6.000,5.387,5.467,3.636,3.387,4.065
leg (limb),3,4.371,5.559,5.657,6.882,6.800,6.500,1.794,3.686,4.059
legend (key),6,3.482,5.379,4.852,4.926,4.704,3.781,5.857,3.357,4.179
legend (tale),6,6.086,6.943,5.829,3.382,4.441,5.057,3.829,5.529,4.886
letter (alphabet),6,2.576,5.485,5.515,5.212,5.909,6.313,2.000,2.364,4.061
letter (correspondence),6,4.500,5.618,5.800,6.057,5.882,5.943,3.114,2.853,3.600
letters (alphabet),7,3.515,5.303,5.441,5.688,6.156,5.971,2.212,3.229,3.939
letters (correspondence),7,4.057,5.576,5.424,5.515,6.147,5.294,3.147,3.057,3.727
lie (position),3,3.857,5.543,4.800,4.914,5.457,6.031,2.486,3.229,3.677
lie (untruth),3,4.647,2.059,4.382,3.382,2.824,6.412,2.088,4.677,4.576
lies (position),4,3.941,4.886,4.758,4.629,5.515,5.647,2.971,3.677,4.000
lies (untruths),4,4.936,1.788,4.088,3.029,3.029,6.147,2.714,4.677,4.333
lift (elevator),4,3.531,5.313,4.875,6.688,6.645,6.414,2.758,3.800,4.576
lift (raise),4,4.143,6.000,6.294,4.829,5.265,5.853,2.543,4.086,4.647
light (brightness),5,6.294,7.457,5.546,5.303,6.161,6.516,2.765,5.735,2.971
light (weight),5,3.677,5.647,4.500,4.086,4.000,5.906,3.000,2.235,2.971
like (love),4,6.735,7.706,5.500,2.941,3.824,6.758,2.206,5.559,2.667
like (similar to),4,3.382,5.559,5.121,2.727,2.636,6.235,2.588,3.273,3.382
limb (body),4,3.824,5.343,5.914,6.714,6.441,5.294,4.143,3.914,4.286
limb (tree),4,3.303,5.455,5.061,6.265,6.061,3.629,4.219,4.121,4.031
litter (animal babies),6,4.758,7.125,4.936,6.500,6.161,5.188,4.091,2.688,2.636
litter (trash),6,3.029,3.147,5.588,6.576,6.471,5.941,2.886,3.229,4.343
live (not recorded),4,6.250,6.500,5.606,4.531,4.563,6.313,4.406,5.063,4.121
live (to exist),4,6.758,7.914,7.118,4.091,4.353,6.206,2.629,5.758,3.800
loaf (be lazy),4,2.818,3.281,4.879,3.333,4.030,3.242,5.594,3.125,5.030
loaf (bread),4,3.086,5.686,5.118,6.844,6.939,6.333,3.000,2.424,3.941
lock (door),4,4.314,4.882,5.242,6.206,6.171,6.065,2.971,2.618,4.529
lock (hair),4,4.177,5.469,5.382,5.742,6.194,4.688,4.471,2.382,2.813
log (record),3,3.118,5.088,5.273,4.971,4.588,4.606,5.324,3.939,4.303
log (wood),3,3.364,5.314,5.645,6.382,6.455,5.212,2.971,4.194,5.469
logs (records),4,2.500,5.121,5.177,5.471,5.029,3.781,5.657,3.546,4.457
logs (wood),4,3.424,5.735,5.618,6.750,6.529,5.313,3.324,3.912,5.324
long (not short),4,4.206,5.206,5.294,4.235,5.029,6.394,2.118,4.853,4.382
long (yearn),4,5.273,4.441,3.906,2.429,3.294,4.353,4.882,5.029,3.206
lumber (move slowly),6,2.441,3.382,3.515,4.091,4.912,4.088,5.727,3.849,4.882
lumber (wood),6,3.657,5.229,5.606,6.314,6.029,3.788,5.182,4.794,5.824
mad (angry),3,6.571,2.200,5.765,3.647,5.000,6.000,2.743,5.029,5.229
mad (crazy),3,6.029,3.000,4.273,2.906,4.529,6.000,3.229,4.706,4.118
magazine (ammunition),8,4.486,3.735,5.706,6.057,5.286,3.735,5.943,3.939,5.200
magazine (publication),8,4.735,5.677,5.353,6.441,6.294,6.152,3.455,3.735,3.177
mark (grade),4,5.143,5.941,5.400,5.029,5.029,6.242,4.086,4.667,4.029
mark (smudge),4,3.152,4.059,4.939,5.882,6.029,5.441,3.206,2.235,4.500
mask (cover),4,4.879,3.875,4.613,5.032,5.258,4.939,3.485,3.727,4.242
mask (face),4,4.206,4.618,4.879,5.941,5.794,5.394,2.849,3.212,3.909
mass (large number),4,4.375,5.424,5.364,4.182,4.061,5.875,4.882,6.394,4.735
mass (religious),4,2.765,4.471,3.343,4.000,4.559,4.029,4.686,5.088,3.971
mass (weight),4,4.353,4.735,5.324,4.636,3.765,5.618,5.529,5.412,4.588
match (fire),5,5.647,4.971,5.714,6.514,6.529,5.594,3.543,2.677,4.912
match (game),5,5.219,6.029,5.156,5.471,5.194,6.091,3.382,4.781,5.364
match (pairing),5,4.469,6.029,5.118,4.091,4.364,5.636,3.030,3.469,3.600
mate (copulate),4,7.129,6.559,6.152,5.364,5.406,4.677,5.485,4.794,4.735
mate (friend),4,6.147,7.706,6.235,5.727,5.909,6.226,3.588,4.546,5.471
mean (average),4,3.000,5.029,4.546,4.294,2.943,4.857,5.257,4.029,4.000
mean (intend),4,4.229,4.143,6.143,2.806,2.559,6.265,3.371,4.389,4.194
mean (nasty),4,5.455,1.625,4.727,2.909,3.879,6.094,2.364,4.576,4.606
mean (stingy),4,4.061,2.094,3.818,2.970,3.750,5.235,3.727,3.531,5.061
medium (intermediate),6,3.727,5.029,5.121,3.219,2.788,5.344,3.529,3.912,3.912
medium (spiritualist),6,4.333,4.909,4.406,3.818,4.515,3.849,6.029,3.613,3.000
might (possibly),5,4.229,4.971,4.714,2.118,2.182,6.333,2.914,3.400,3.853
might (strength),5,6.188,7.206,7.375,4.000,4.455,4.794,4.765,5.813,6.061
mint (food),4,4.500,5.657,5.706,6.486,6.294,5.727,3.250,2.314,3.543
mint (money),4,5.710,6.424,6.219,4.879,4.867,4.188,5.938,4.594,4.788
minute (small),6,3.667,4.677,3.818,4.086,4.618,4.794,4.686,1.364,3.257
minute (time),6,4.031,5.156,4.500,4.152,4.000,6.531,2.364,2.469,3.788
mole (animal),4,3.086,5.314,4.514,6.677,6.543,4.412,3.118,2.400,4.771
mole (skin),4,3.000,4.206,4.412,6.171,6.086,5.177,4.057,2.088,4.143
mole (spy),4,4.844,3.258,4.677,4.484,4.516,3.313,5.235,3.394,5.273
mug (cup),3,3.375,5.647,5.912,6.794,6.735,6.412,2.471,2.441,4.088
mug (face),3,3.600,4.647,5.229,5.771,5.800,4.735,4.500,3.457,4.914
mushroom (expand),8,3.500,4.800,5.267,4.167,4.774,3.333,5.419,4.800,4.161
mushroom (food),8,3.353,5.029,5.088,6.600,6.529,5.606,2.657,2.657,4.059
nail (finger),4,3.618,5.257,5.257,6.618,6.686,6.314,2.200,2.118,2.529
nail (hammer),4,4.333,4.765,5.939,6.559,6.667,5.765,3.294,1.971,5.824
novel (book),5,5.088,6.118,5.343,6.182,6.314,6.333,3.886,3.235,3.177
novel (new),5,5.353,6.242,5.559,3.265,2.758,3.788,6.382,4.353,3.273
nut (bolt),3,3.000,4.794,4.971,6.353,6.242,4.618,4.029,1.697,5.667
nut (crazy person),3,5.794,2.853,4.324,2.697,4.457,4.969,4.514,4.412,4.485
nut (food),3,3.875,5.697,6.000,6.406,6.758,6.441,2.171,2.147,4.000
nuts (bolts),4,3.429,4.853,5.400,6.429,6.400,4.514,4.171,1.657,5.800
nuts (crazy),4,5.971,3.314,3.886,2.543,4.229,5.059,3.857,4.441,3.629
nuts (food),4,3.818,6.094,5.406,6.667,6.667,6.212,2.303,2.063,4.394
nuts (testicles),4,5.714,4.743,5.686,6.486,6.429,5.486,5.647,2.914,6.857
object (disagree),6,4.912,3.265,6.206,2.677,3.029,5.059,5.177,4.765,4.794
object (thing),6,3.118,5.057,5.686,6.177,5.265,5.971,2.765,3.457,3.882
orange (colour),6,5.735,6.171,5.543,5.714,6.824,6.382,1.882,4.029,3.571
orange (fruit),6,4.412,6.143,5.400,6.657,6.886,6.485,1.886,2.343,3.714
organ (liver),5,3.706,5.471,5.324,6.647,6.152,5.774,4.485,3.818,4.559
organ (piano),5,4.794,5.714,5.781,6.314,6.618,4.938,4.177,5.029,3.853
over (above),4,4.152,5.939,6.758,3.939,4.152,6.156,2.849,4.906,4.091
over (cricket),4,2.414,5.000,5.000,3.821,3.241,1.857,6.222,3.241,5.094
over (finished),4,3.765,4.324,4.714,3.794,2.914,6.182,3.000,4.294,4.500
pack (fill),4,3.606,5.000,5.265,4.824,4.364,5.250,3.177,3.912,4.324
pack (group),4,4.143,5.314,4.941,5.000,4.824,4.667,4.200,5.382,5.257
page (call),4,3.281,4.735,5.515,4.206,3.971,3.727,5.794,2.719,3.882
page (paper),4,3.063,5.500,5.355,6.500,6.242,6.281,2.323,3.000,3.758
page (ward),4,3.040,4.962,4.696,4.917,4.192,2.714,5.455,3.539,4.040
pan (camera),3,4.516,5.323,5.719,4.871,5.094,4.000,5.931,3.677,4.250
pan (criticise),3,4.143,2.433,4.200,2.655,2.733,2.743,6.035,4.179,3.630
pan (pot),3,2.788,5.219,5.606,6.576,6.697,6.250,2.125,2.939,3.424
park (car),4,2.936,4.903,5.594,5.406,5.613,6.207,3.030,3.688,4.563
park (public land),4,5.057,6.543,5.429,6.500,6.588,6.294,2.257,5.800,4.114
part (divide),4,4.125,4.212,4.618,3.567,4.229,4.938,4.057,3.424,3.939
part (portion),4,3.656,4.849,4.697,4.500,4.912,5.515,3.147,2.688,4.059
party (celebration),5,7.559,8.147,6.543,5.606,6.303,6.333,2.343,5.333,3.606
party (group),5,6.063,6.457,5.324,5.514,5.800,5.588,3.486,5.057,3.914
pass (move past),4,4.000,5.143,5.714,4.086,4.343,5.571,3.200,3.618,3.886
pass (permission),4,3.818,6.242,4.182,3.970,3.000,5.313,4.030,4.061,3.697
pass (route),4,3.143,5.235,5.514,4.914,4.382,4.171,4.057,3.588,4.286
patch (area),5,2.912,4.909,5.118,5.147,4.943,4.559,3.743,3.294,4.088
patch (repair),5,3.647,6.177,5.647,5.059,5.344,4.531,4.412,3.059,4.441
patient (medical),7,4.324,4.333,3.529,5.886,5.500,5.677,3.971,4.206,4.029
patient (tolerant),7,3.941,7.029,4.941,2.743,2.971,6.118,4.114,4.514,3.000
peer (colleague),4,4.719,5.909,5.212,5.636,5.400,5.406,5.677,3.844,3.939
peer (look),4,4.559,5.265,5.114,3.882,4.294,4.485,4.257,2.971,3.677
pen (cage),3,3.313,4.000,3.486,5.914,5.765,4.265,4.029,2.469,4.303
pen (ink),3,3.941,5.429,5.571,6.324,6.088,6.677,2.371,2.057,4.486
pepper (black),6,3.941,5.171,5.471,6.500,6.371,6.030,3.882,2.091,5.143
pepper (lightly cover),6,3.849,5.455,5.438,4.469,5.000,3.939,5.088,2.310,3.613
pepper (vegetable),6,3.457,5.457,5.229,6.588,6.818,6.281,3.657,2.455,3.765
periodical (intermittent),10,3.310,5.161,4.172,2.931,2.531,3.882,6.364,3.867,4.226
periodical (newspaper),10,3.355,5.267,4.733,5.793,5.167,2.939,6.242,4.233,4.931
pickle (difficulty),6,4.188,3.121,3.875,2.970,3.063,4.364,4.242,3.781,3.781
pickle (preserve),6,3.235,5.152,5.156,5.576,4.849,3.941,4.559,2.364,3.941
pine (long for),4,5.485,3.818,3.514,2.303,3.485,4.406,5.735,5.000,3.091
pine (tree/wood),4,3.970,5.606,5.647,6.516,6.485,4.938,4.000,4.758,4.529
pint (beer),4,4.829,5.743,5.471,6.794,6.906,6.394,5.118,3.273,5.758
pint (volume),4,4.606,5.514,5.147,5.943,5.829,6.059,4.829,3.600,5.441
pipe (tobacco),4,3.625,4.030,5.121,6.576,6.576,4.969,4.455,2.939,5.909
pipe (water),4,2.600,5.118,4.857,6.529,6.171,5.114,3.343,3.457,4.457
pitch (field of play),5,3.849,5.629,5.818,6.063,6.143,5.371,3.486,5.152,5.714
pitch (musical),5,5.528,5.750,5.091,3.829,2.912,5.382,4.861,4.088,2.806
pitch (tar),5,3.379,4.333,4.700,5.300,4.367,2.871,5.419,4.000,4.828
pitch (throw),5,4.485,5.273,6.030,4.882,5.588,4.424,4.849,4.061,5.059
plane (aircraft),5,4.971,5.529,5.206,6.647,6.706,6.281,2.559,5.529,5.000
plane (surface),5,2.879,5.200,4.939,5.486,5.257,3.970,5.000,4.382,4.294
plane (wood),5,2.909,5.273,5.455,6.086,5.455,3.912,5.118,3.177,4.909
plant (factory),5,3.242,4.286,4.618,6.281,6.143,4.324,5.118,5.500,5.143
plant (flower),5,4.324,6.500,4.906,6.242,6.546,6.290,2.353,2.912,2.471
plant (position),5,3.212,5.059,5.794,4.441,3.750,3.727,4.382,3.484,4.029
plaster (bandage),7,3.697,4.314,4.265,6.364,6.500,6.258,2.343,2.588,3.853
plaster (wall),7,2.647,5.091,5.200,5.941,6.061,5.515,4.147,3.765,5.543
play (game),4,6.188,6.618,6.273,4.441,5.206,6.515,1.706,4.324,4.147
play (stage performance),4,5.857,6.735,5.629,5.471,6.364,6.091,3.371,4.758,3.059
plot (conspiracy),4,6.647,2.912,3.969,3.324,3.500,5.147,5.000,5.438,4.879
plot (graph),4,3.059,5.294,5.656,5.000,5.706,5.061,4.943,3.412,4.559
plot (land),4,3.294,5.091,5.242,6.091,5.867,4.818,4.559,5.125,4.636
plot (story),4,4.882,5.727,5.286,3.941,3.382,5.548,4.200,4.394,3.818
plug (blockage),4,2.588,3.879,4.206,5.618,5.912,4.912,4.471,3.029,4.882
plug (electric),4,2.765,5.324,5.667,6.457,6.618,6.029,2.794,2.400,4.971
poach (cook),5,3.457,5.343,5.333,5.333,5.182,4.171,5.514,2.914,3.576
poach (hunt),5,4.656,2.829,5.438,4.853,4.727,3.212,5.343,4.531,5.849
point (argument),5,5.485,4.455,6.500,2.758,3.094,5.839,4.324,4.485,4.206
point (finger),5,4.849,3.941,5.971,5.206,5.912,5.781,2.059,2.625,4.382
point (location),5,4.559,5.364,4.941,5.235,4.114,5.242,4.029,3.606,4.286
poker (cards),5,5.314,4.886,5.400,5.857,6.543,5.000,5.143,3.441,5.735
poker (rod),5,4.625,3.938,5.031,6.156,6.161,4.091,4.719,3.563,5.313
pool (billiards),4,4.250,5.714,5.546,6.294,6.265,4.882,4.424,3.529,5.206
pool (shared),4,3.353,5.394,4.677,4.121,4.088,4.125,4.618,3.853,4.182
pool (water),4,5.629,6.114,5.118,6.091,6.677,6.394,2.429,4.647,3.371
port (harbour),4,3.546,5.546,4.969,6.364,5.886,4.406,4.177,4.971,4.788
port (wine),4,5.059,5.971,5.824,6.125,6.088,4.656,6.177,3.353,3.971
post (mail),4,3.824,5.758,4.906,6.147,6.265,6.294,3.029,3.182,4.647
post (pole),4,3.794,5.029,5.452,6.097,6.219,5.219,3.588,3.394,4.636
post (position),4,3.912,5.441,5.774,4.412,3.057,4.457,5.314,4.200,4.618
pot (drugs),3,5.000,4.000,4.531,5.688,5.938,5.061,6.485,3.781,5.091
pot (pan),3,2.429,5.212,5.429,6.514,6.371,6.257,2.743,2.441,3.647
pound (dogs),5,4.030,4.219,4.029,6.177,5.606,4.118,4.412,3.455,4.636
pound (hammer),5,5.257,4.286,6.343,4.677,5.500,4.882,4.543,4.177,5.686
pound (money),5,4.576,6.375,4.906,6.484,6.500,6.586,2.576,3.719,4.531
pound (weight),5,3.353,4.882,5.514,4.824,4.114,5.353,4.343,3.629,4.229
present (gift),7,6.636,7.686,5.667,6.118,6.343,5.829,2.143,4.333,3.353
present (show),7,5.206,6.400,6.382,3.912,4.515,5.656,3.886,5.091,3.914
prick (dick),5,5.121,3.088,4.879,4.571,5.206,4.400,6.294,3.543,6.588
prick (stab),5,4.697,3.242,4.543,4.800,4.647,4.719,4.171,2.686,5.177
pride (feeling),5,6.125,7.063,7.097,2.344,2.871,5.613,4.061,5.903,4.424
pride (lions),5,5.829,6.294,5.273,6.147,6.559,4.543,4.500,5.457,5.441
process (modify),7,3.571,5.629,5.471,3.088,2.529,4.879,5.824,4.394,4.371
process (procedure),7,3.088,4.941,5.618,3.515,3.265,5.706,5.353,4.677,4.206
process (understand),7,3.970,6.029,6.088,2.939,2.594,5.879,5.257,4.706,3.970
project (enterprise),7,5.114,6.303,6.206,4.121,3.706,5.324,4.794,5.206,4.912
project (protrude),7,4.697,4.879,5.441,4.235,4.212,4.576,5.735,4.794,4.455
prune (fruit),5,2.853,5.121,5.485,6.559,6.147,4.606,3.909,2.000,3.235
prune (trim),5,3.970,5.563,5.677,4.735,5.031,3.606,5.324,2.735,3.242
pull (attratcion),4,5.906,6.943,5.424,3.303,3.613,5.677,5.000,4.774,3.697
pull (drag),4,3.849,4.029,5.118,4.559,4.636,5.500,2.912,3.849,4.424
pulse (e.g. beans),5,3.719,5.167,5.194,5.742,5.750,3.667,5.667,2.387,4.152
pulse (heartbeat),5,6.294,6.412,5.147,5.912,4.853,6.059,4.059,3.324,3.147
pumps (equipment),5,3.177,5.057,4.886,6.371,5.235,4.147,4.914,3.743,4.971
pumps (shoes),5,4.735,5.515,5.794,6.677,6.559,4.629,5.294,2.546,1.618
punch (drink),5,5.857,5.829,5.200,5.857,5.943,4.152,5.200,3.286,3.686
punch (strike),5,6.333,2.030,5.970,5.849,5.844,6.094,2.970,4.849,6.182
pupil (eye),5,3.813,5.429,5.314,6.629,6.600,5.879,3.771,2.429,3.943
pupil (school),5,3.429,5.657,4.177,6.333,6.559,6.206,2.886,2.829,3.971
pussy (cat),5,5.212,6.382,5.576,6.441,6.571,5.333,2.286,2.914,2.324
pussy (vagina),5,5.936,4.970,5.914,5.914,5.939,5.394,6.486,3.294,1.206
pussy (wimp),5,3.771,2.400,3.029,2.882,3.794,4.706,6.029,3.171,3.686
puzzle (jigsaw),6,5.000,5.706,4.970,6.219,6.324,5.515,2.182,3.344,3.818
puzzle (mystery),6,5.879,5.382,4.697,3.912,3.667,5.412,2.879,4.469,3.912
quack (charlatan),5,4.429,3.143,4.630,3.643,3.750,2.606,5.800,3.444,4.677
quack (duck),5,4.441,5.588,4.971,4.853,4.939,5.182,1.706,2.515,3.677
queen (gay),5,4.853,5.294,5.118,3.618,4.912,3.429,6.324,4.424,3.559
queen (king),5,5.576,6.394,5.333,6.091,6.546,6.129,2.485,5.576,1.546
race (colour),4,4.714,5.029,4.849,4.343,5.286,6.059,4.543,5.343,4.229
race (contest),4,5.871,5.516,5.406,4.788,5.813,5.968,2.546,4.677,5.125
racket (noise),6,4.969,3.706,4.543,4.324,3.303,5.343,3.849,5.161,4.235
racket (tennis),6,3.969,5.469,5.452,6.774,6.576,6.000,3.515,3.188,4.273
raise (bring up),5,4.706,6.727,4.943,3.800,3.886,5.606,4.086,4.629,3.257
raise (increase),5,5.824,6.824,5.857,3.657,3.853,5.941,3.857,5.118,4.086
raise (lift),5,4.829,6.257,6.257,4.857,4.971,5.030,3.857,4.455,4.257
range (array),5,3.500,5.324,5.412,3.177,2.656,4.727,5.441,4.412,4.212
range (outdoors),5,4.938,5.903,5.750,4.750,4.333,4.273,5.125,5.438,5.313
rank (foul),4,3.750,2.031,4.515,2.970,3.807,4.576,5.121,4.094,5.031
rank (position),4,4.152,5.088,6.171,3.882,3.353,4.313,5.000,4.314,5.471
rare (uncommon),4,6.281,6.371,5.515,2.514,2.882,5.853,4.118,4.314,3.382
rare (uncooked),4,3.382,4.394,4.849,4.857,5.182,4.879,4.943,2.771,4.576
rash (reckless),4,5.273,3.182,4.875,2.667,2.938,4.067,5.485,4.419,5.000
rash (skin),4,3.257,2.382,3.600,6.029,6.400,5.471,3.371,2.886,3.914
rat (animal),3,4.563,4.030,4.807,6.677,6.813,6.548,2.563,2.226,4.970
rat (inform),3,3.857,3.257,4.546,4.206,4.088,3.485,4.912,3.143,4.829
rear (behind),4,4.571,4.941,4.765,5.371,4.886,4.941,4.500,3.667,3.600
rear (raise),4,3.849,5.576,4.818,3.344,3.438,4.273,5.118,4.219,3.419
record (information),6,3.600,5.235,5.229,4.914,4.088,5.939,4.771,3.912,4.743
record (to register),6,3.516,5.387,5.258,4.000,3.467,5.516,4.727,3.563,4.063
remote (controller),6,3.667,5.412,6.697,6.455,6.400,6.161,3.571,3.088,4.912
remote (distant),6,3.455,3.364,3.625,3.091,4.677,4.906,5.294,4.161,4.147
right (correct),5,5.765,7.882,7.088,3.057,3.353,6.515,2.059,5.029,3.500
right (left),5,3.371,5.375,5.559,4.457,4.412,6.441,2.514,3.471,4.182
right (legal claim),5,3.971,6.412,6.382,3.571,2.677,5.424,5.600,4.886,4.588
ring (jewellery),4,6.091,6.886,5.771,6.943,6.677,6.486,2.943,2.118,2.000
ring (sound),4,5.424,5.606,4.909,5.394,4.576,5.879,2.500,3.412,3.727
ring (surround),4,3.529,4.879,4.265,3.941,4.576,4.406,3.818,3.939,4.029
rocket (go quickly),6,6.371,6.057,6.657,3.886,5.057,4.353,4.000,4.886,5.000
rocket (leaves),6,3.625,5.618,5.853,6.171,6.171,5.353,5.743,2.606,3.765
rocket (projectile),6,5.909,4.971,5.219,5.867,6.273,5.094,4.000,5.088,5.515
roll (bread),4,3.657,5.886,5.226,6.294,6.636,6.219,2.486,2.147,3.794
roll (turn over),4,4.364,5.147,5.033,4.606,5.344,5.875,2.485,3.344,4.121
ruler (leader),5,5.743,5.029,5.727,5.818,5.879,5.333,4.143,5.727,5.529
ruler (measure),5,2.765,4.971,5.143,6.314,6.514,5.618,2.714,2.914,4.500
run (race),3,6.344,6.091,6.515,5.121,5.697,5.909,2.121,4.788,4.818
run (series),3,3.882,5.344,5.088,3.794,3.265,4.200,4.412,4.000,4.206
run (stockings),3,4.125,4.677,4.656,4.781,4.500,3.636,4.936,3.059,2.677
run (test),3,3.853,4.750,4.781,4.121,3.727,4.242,4.618,3.903,4.500
sage (herb),4,3.647,5.441,5.576,6.500,5.853,4.594,5.706,2.177,2.882
sage (wise man),4,4.625,6.914,6.030,4.618,5.086,2.697,5.970,4.143,6.029
scale (fish),5,3.121,4.794,5.206,6.118,6.118,5.032,3.765,1.606,4.206
scale (magnitude),5,4.500,5.303,5.029,3.486,3.429,5.382,5.265,4.771,4.394
scale (musical),5,5.118,6.529,5.647,4.394,4.588,5.265,4.706,3.471,3.235
scale (weighing),5,3.588,5.029,4.688,6.086,6.212,5.324,3.618,3.706,2.941
screw (builder),5,3.576,5.088,5.563,5.818,5.500,4.242,4.147,2.250,5.788
screw (sex),5,7.273,5.758,5.250,4.424,5.515,5.273,6.394,4.455,5.424
seal (animal),4,4.257,5.943,5.265,6.588,6.829,5.382,3.057,4.147,3.618
seal (close),4,3.406,5.343,5.625,4.939,4.515,4.824,4.029,3.500,4.061
season (add spice),6,5.057,6.324,6.206,4.914,5.364,5.706,5.429,2.588,3.543
season (period of time),6,4.758,6.441,4.441,4.375,5.333,6.063,3.029,5.706,3.242
second (position),6,4.152,5.412,5.000,4.606,4.344,5.875,2.686,3.606,4.029
second (unit of time),6,3.250,5.086,4.314,4.743,3.571,6.265,2.971,2.286,4.029
select (choose),6,4.941,5.971,6.875,3.429,3.324,5.515,3.686,4.406,3.618
select (elite),6,4.939,4.968,5.375,2.788,3.303,4.355,5.546,3.441,4.118
sense (common),5,4.125,7.156,6.250,2.303,2.375,6.097,4.212,4.968,3.273
sense (feel),5,6.229,6.371,5.914,2.576,2.879,5.829,4.353,4.400,2.971
sentence (phrase),8,3.371,5.265,5.229,4.559,4.029,6.059,3.000,3.147,3.824
sentence (prison),8,5.121,2.429,2.455,4.032,3.879,4.455,5.000,5.706,5.206
serve (perform duties),5,4.273,4.939,3.364,3.758,3.758,4.938,4.333,3.939,4.152
serve (tennis),5,4.029,5.324,6.114,4.912,5.471,4.657,5.152,3.647,4.765
set (determined),3,4.875,6.909,6.818,3.182,2.375,4.906,4.606,4.781,4.281
set (group),3,3.647,5.212,4.849,4.469,4.853,5.118,4.273,3.969,3.853
set (solidify),3,3.879,5.455,5.424,5.091,4.226,4.576,4.286,3.849,4.882
sex (gender),3,6.147,5.588,4.657,3.943,4.800,6.257,4.771,5.000,3.943
sex (intercourse),3,7.485,7.485,6.323,6.242,6.313,6.667,5.273,5.061,4.063
shade (out of the sun),5,3.750,5.688,4.969,5.656,5.970,6.188,3.065,4.387,3.394
shade (tint),5,3.343,5.114,5.371,4.088,4.500,4.618,4.257,3.000,3.059
sharp (blade),5,5.371,3.343,4.971,5.314,5.457,5.714,2.857,3.882,5.200
sharp (smart),5,5.515,7.364,7.303,3.455,3.697,5.344,4.455,4.242,4.455
sheer (thin),5,4.121,4.750,4.091,3.807,4.688,4.531,5.121,2.188,2.879
sheer (utter),5,4.355,4.567,4.767,2.833,2.621,4.765,5.645,4.581,4.065
shell (military),5,5.147,3.559,5.636,5.914,5.765,3.781,5.457,4.333,5.939
shell (sea),5,4.375,5.970,5.152,6.667,6.484,5.548,2.394,1.844,2.849
ship (boat),4,3.970,5.600,4.912,6.618,6.735,5.765,2.457,5.743,5.000
ship (transport),4,3.969,5.353,5.177,6.457,6.000,5.824,3.029,5.182,4.818
shoot (film),5,5.094,5.879,5.419,5.063,5.394,5.387,4.936,4.548,4.333
shoot (gun),5,6.029,2.382,6.088,5.794,6.242,5.424,3.171,4.242,5.829
shoot (plant),5,3.546,6.219,5.000,6.294,6.088,4.333,4.529,2.735,3.697
shot (gun),4,5.571,2.647,4.171,5.909,5.576,5.219,4.000,3.758,5.412
shot (injection),4,5.118,3.886,4.486,5.771,6.143,4.500,4.143,2.857,4.618
sick (disgusting),4,4.200,2.324,4.706,3.471,3.647,5.529,3.800,4.029,4.647
sick (ill),4,4.333,2.118,2.971,4.029,5.303,6.471,2.235,4.618,3.941
sink (dishes),4,2.588,4.206,4.781,6.500,6.588,6.441,2.364,2.853,3.313
sink (go down),4,3.412,2.824,3.818,4.206,4.800,4.829,3.588,3.455,4.429
sketch (drawing),6,4.750,5.735,5.629,5.471,6.143,5.441,3.943,3.424,3.429
sketch (play),6,4.818,5.875,5.394,4.667,5.355,4.419,4.515,4.364,3.909
skirt (clothes),5,5.371,5.765,5.486,6.529,6.543,6.177,2.600,2.588,1.294
skirt (go around),5,4.500,4.853,5.029,3.706,3.515,3.647,5.559,3.500,3.147
slight (little),6,3.057,4.882,4.400,3.618,3.636,5.455,4.441,2.290,3.324
slight (offend),6,4.394,3.229,4.706,3.057,2.743,3.353,5.657,4.057,4.286
slip (mistake),4,4.333,3.000,3.394,3.758,3.455,4.906,3.879,4.000,3.969
slip (notepaper),4,3.382,5.171,4.886,6.324,5.771,4.500,4.029,2.143,3.412
slip (slide),4,4.941,3.912,4.000,4.371,4.829,5.515,2.686,3.394,3.606
slug (hit),4,4.303,3.152,4.909,4.406,4.563,3.563,5.469,3.938,5.625
slug (insect),4,2.471,3.849,5.875,6.727,6.656,5.394,2.485,1.697,4.971
smart (intelligent),5,6.324,7.909,6.559,3.200,3.941,6.576,3.057,5.118,3.667
smart (well-dressed),5,5.400,7.171,6.857,4.265,5.457,6.147,3.912,4.200,5.457
sock (clothes),4,3.424,5.485,5.906,6.656,6.849,6.807,1.970,2.121,4.182
sock (hit),4,4.412,3.382,5.281,4.258,4.706,3.697,4.849,3.455,5.387
soil (earth),4,3.606,5.333,5.382,6.286,6.177,5.765,2.829,4.286,4.273
soil (mess up),4,3.314,2.629,3.686,3.353,3.829,4.206,5.029,4.000,4.743
sole (fish),4,2.906,5.000,4.788,6.118,5.500,3.613,5.618,2.559,3.906
sole (only),4,3.412,4.412,5.333,3.412,3.618,4.382,4.941,2.909,3.882
sole (shoe),4,2.516,5.000,5.063,6.250,6.455,5.546,3.563,2.813,4.094
solution (answer),8,5.152,7.303,6.758,3.182,3.471,6.226,4.424,5.125,4.257
solution (chemical),8,3.882,5.088,4.882,5.735,5.000,4.794,6.029,3.667,4.677
space (galaxies),5,6.765,6.500,3.912,4.941,5.853,6.029,3.382,6.471,5.059
space (room),5,4.343,5.824,5.171,4.529,5.143,5.941,2.829,4.800,3.912
spade (cards),5,3.969,5.382,5.364,6.206,6.353,4.758,3.424,2.114,4.794
spade (shovel),5,3.242,4.758,5.324,6.529,6.324,5.455,2.886,3.030,4.938
speaker (amplifier),7,5.086,5.714,5.743,6.314,6.303,5.657,4.286,5.029,4.829
speaker (orator),7,4.818,5.912,6.091,5.156,4.727,5.094,4.794,4.576,4.625
spell (alphabet),5,3.941,5.588,5.657,4.429,3.857,5.800,2.286,3.543,3.971
spell (magical),5,6.657,6.829,5.457,2.429,4.229,5.029,2.400,4.500,2.886
spell (time period),5,3.636,4.879,5.000,2.758,2.219,5.030,4.758,3.939,3.515
spirit (drink),6,5.971,5.394,5.118,6.235,6.114,6.000,5.857,3.118,3.971
spirit (ghost),6,5.636,4.088,4.118,2.912,4.765,5.242,4.235,4.235,3.788
spirit (intention),6,5.629,6.824,6.714,2.171,2.943,5.147,4.857,5.171,3.324
spirit (soul),6,5.647,7.029,5.853,1.706,3.147,5.353,4.588,4.941,2.909
spot (pimple),4,2.912,2.735,3.882,6.546,6.364,6.030,4.382,2.333,4.000
spot (stain),4,3.219,3.844,4.581,5.906,6.125,5.625,3.097,2.000,3.879
spread (food),6,4.177,5.941,5.206,5.735,6.088,5.382,3.500,3.182,3.647
spread (open),6,5.000,5.735,5.200,3.971,4.371,5.177,4.485,4.576,3.571
spring (coil),6,4.500,5.294,4.971,6.273,6.469,5.059,4.057,2.849,4.333
spring (jump),6,5.576,6.143,5.429,4.743,5.286,4.849,3.600,4.147,3.714
spring (season),6,7.294,7.114,5.343,5.314,6.235,6.229,2.400,5.324,2.559
squash (crush),6,5.029,3.441,4.800,4.529,4.629,4.849,3.147,4.121,5.147
squash (sport),6,4.394,5.250,5.531,5.710,6.063,4.313,5.606,3.294,4.618
squash (vegetable),6,2.727,5.177,5.029,6.735,6.200,4.371,4.600,2.971,3.912
squat (crouch),5,4.485,4.677,4.636,5.061,5.606,4.844,4.333,2.688,4.031
squat (short),5,3.353,4.364,4.588,4.265,4.849,4.061,5.265,2.455,4.281
staff (stick),5,3.735,5.114,6.030,6.229,5.912,3.943,4.455,3.371,5.273
staff (workforce),5,3.879,5.242,4.647,5.618,5.294,5.471,4.714,4.677,4.324
stake (investment),5,3.697,5.059,4.943,3.912,2.818,3.697,6.059,5.091,5.353
stake (wooden),5,3.875,4.063,5.387,6.419,6.387,4.250,4.767,3.567,4.938
stall (hesitate),5,3.970,3.771,3.818,3.121,3.353,4.781,4.857,3.515,3.727
stall (kiosk),5,3.484,5.188,4.968,5.879,5.882,5.129,4.382,3.636,4.235
staple (mainstay),6,3.100,5.300,4.936,4.037,3.357,3.559,5.500,3.857,3.933
staple (stationery),6,2.706,4.943,5.114,6.571,6.514,6.000,3.886,2.086,4.394
star (celebrity),4,5.697,5.576,5.485,4.667,5.667,5.844,3.758,4.849,2.606
star (sky),4,5.600,7.235,5.086,6.000,6.743,6.333,2.229,4.429,2.914
steer (cows),5,3.172,5.333,5.407,5.138,5.214,2.546,5.607,4.035,4.857
steer (direct),5,4.094,5.563,6.645,3.909,3.576,5.688,4.097,3.967,5.000
stem (origin),4,3.844,5.735,4.710,3.613,2.531,3.849,5.629,4.118,3.941
stem (plant),4,3.000,5.273,5.294,6.091,6.152,4.971,4.000,3.063,3.394
stern (attitude),5,4.938,3.394,5.531,3.000,3.697,5.242,5.000,4.000,4.771
stern (ship),5,3.546,5.000,5.182,6.147,5.912,3.265,5.394,5.000,5.382
stick (glue),5,3.400,5.059,5.029,6.029,5.912,5.441,2.500,2.667,4.147
stick (thin piece of wood),5,2.970,4.914,4.686,6.371,6.400,5.618,1.886,2.324,4.457
stir (cook),4,4.121,5.758,5.438,5.333,5.515,5.909,3.343,2.939,2.912
stir (make trouble),4,5.000,2.457,6.333,3.429,3.400,5.121,4.765,4.706,3.771
stir (move),4,4.743,5.200,6.314,4.265,5.371,5.824,3.889,3.324,3.722
stock (finance),5,3.206,4.735,4.156,4.121,4.030,5.030,6.000,4.909,5.364
stock (inventory),5,3.294,5.177,5.588,5.147,4.588,4.313,5.657,4.735,4.818
stock (soup),5,3.606,5.969,5.581,6.235,6.226,5.563,4.559,2.313,3.576
stone (rock),5,2.857,4.853,5.629,6.514,6.514,6.343,1.971,2.914,5.143
stone (weight),5,4.030,4.212,5.156,5.818,3.667,5.813,4.606,4.455,4.412
stool (chair),5,2.939,5.000,4.912,6.677,6.147,5.688,2.743,2.943,4.471
stool (faeces),5,2.400,2.800,4.265,6.118,5.912,4.143,5.677,2.829,5.029
store (put away for future),5,3.206,5.971,5.697,4.667,3.750,5.606,3.794,3.943,3.941
store (shop),5,4.303,5.394,4.971,6.324,6.059,5.382,3.235,4.364,3.500
straw (drinking),5,3.886,5.500,4.971,6.657,6.629,6.057,2.571,1.706,3.571
straw (hay),5,2.943,5.147,5.182,5.941,6.229,5.091,2.971,2.618,4.088
strike (hit),6,5.265,2.829,5.882,5.088,5.706,4.546,4.500,4.514,5.794
strike (picket),6,4.677,4.375,5.697,4.849,4.515,4.059,5.455,4.235,4.559
strip (naked),5,7.029,5.429,5.686,5.143,6.235,5.857,5.086,4.171,3.714
strip (narrow piece),5,3.500,4.912,4.529,5.353,4.758,4.667,3.824,2.281,4.235
strip (street),5,4.118,4.824,4.849,5.546,4.606,3.588,5.242,4.400,4.273
stroke (brain),6,5.529,2.000,2.636,5.750,4.147,4.903,5.686,5.706,4.182
stroke (pet),6,5.194,6.794,6.088,4.938,5.758,5.871,2.152,3.125,2.970
suit (legal),4,3.968,3.710,4.800,4.667,3.839,4.452,5.813,4.733,4.742
suit (playing cards),4,3.882,5.441,5.212,5.853,6.121,4.857,4.500,2.515,4.941
suit (special clothes),4,5.219,6.618,6.515,6.531,6.500,5.452,3.743,4.061,6.121
suit (to be fit for),4,4.281,6.364,5.656,3.121,3.727,5.677,4.735,3.625,4.629
surf (breaking waves),4,5.400,6.314,5.743,6.235,6.382,5.000,4.629,4.971,5.086
surf (riding waves),4,5.939,6.735,5.688,5.576,6.121,5.235,4.029,4.813,4.970
sweet (nice),5,5.667,7.971,5.559,3.029,4.059,6.576,2.765,3.824,1.912
sweet (sugar),5,5.794,6.912,4.914,4.794,5.177,6.441,2.029,3.486,2.514
swift (bird),5,4.500,5.735,5.697,5.939,5.188,4.281,4.688,2.543,2.882
swift (quick),5,5.581,6.258,5.774,3.273,3.625,5.355,4.485,3.067,3.438
table (chart),5,2.943,4.971,5.229,5.686,6.086,5.912,4.143,3.500,4.743
table (desk),5,3.171,5.200,5.206,6.743,6.647,6.571,2.057,3.943,4.457
tango (dance),5,6.500,6.559,6.515,5.343,6.121,3.970,4.941,3.829,2.765
tango (drink),5,4.500,5.813,5.636,6.353,6.353,5.424,4.000,2.765,3.970
tank (army),4,4.250,3.355,4.406,6.788,6.419,5.625,3.212,5.645,6.375
tank (fish),4,3.471,5.371,5.171,6.758,6.794,5.529,3.057,3.257,4.371
tank (storage),4,3.265,5.412,5.121,6.029,5.303,4.906,4.229,4.849,5.303
temple (forehead),6,3.941,5.235,5.516,6.182,6.559,4.818,4.771,3.177,3.794
temple (worship),6,4.455,5.697,4.424,6.188,6.353,4.969,4.529,5.313,4.118
tender (sensitive),6,5.286,5.879,4.429,2.914,3.265,5.333,4.441,3.294,2.324
tender (soft),6,6.257,7.086,5.324,3.265,3.886,5.771,4.429,3.618,1.941
tense (strained),5,5.147,2.971,3.970,3.515,4.129,5.500,5.061,4.303,4.546
tense (verb),5,3.515,4.303,4.727,3.088,2.969,4.939,4.706,3.344,4.500
text (phone message),4,5.514,6.114,5.914,5.886,6.229,6.743,5.314,2.829,3.457
text (written work),4,3.606,5.546,5.485,5.879,5.970,6.091,3.970,3.849,3.939
ticket (admission),6,4.758,6.029,5.344,6.371,6.343,5.914,3.429,2.697,4.206
ticket (parking),6,3.722,3.029,3.943,6.500,6.294,6.061,4.600,2.943,4.889
tie (bind),3,5.000,4.677,4.529,5.324,5.571,5.219,3.057,3.118,4.853
tie (neck),3,3.853,5.265,5.147,6.727,6.606,6.344,3.265,2.394,6.182
tie (stalemate),3,3.807,4.829,5.294,3.943,4.152,4.686,3.906,3.438,4.324
titanic (ship),7,4.969,3.000,4.677,6.438,6.344,5.719,4.563,6.000,4.032
titanic (size),7,5.265,5.294,5.382,4.242,4.794,3.667,4.853,6.618,5.061
toast (bread),5,3.909,6.118,5.471,6.706,6.647,6.636,2.000,2.606,4.206
toast (speech),5,4.743,6.559,5.647,4.546,4.771,4.765,5.147,4.303,5.029
tone (colour),4,4.364,5.667,5.000,3.788,4.303,5.094,4.515,3.188,3.212
tone (music),4,5.412,6.394,5.424,4.030,3.156,5.313,4.559,3.939,3.235
tone (voice),4,5.471,5.629,5.844,3.314,3.606,5.455,4.286,4.212,3.939
top (apex),3,4.516,6.531,6.406,4.833,4.742,4.971,3.125,4.344,4.156
top (shirt),3,4.324,5.629,6.030,6.471,6.636,6.500,2.294,3.000,4.235
top (spinning),3,3.970,5.424,5.412,5.514,5.242,4.485,3.143,2.471,3.941
torch (burn),5,5.438,4.152,5.226,5.121,5.688,4.933,4.424,3.903,4.636
torch (flashlight),5,4.294,5.912,5.824,6.824,6.714,6.143,3.029,3.086,4.514
trace (copy),5,3.059,4.853,5.235,4.861,4.677,4.941,3.639,2.972,3.611
trace (small amount),5,3.636,4.688,4.594,4.000,3.813,5.200,5.061,1.546,3.406
traction (grip),8,4.294,5.371,5.938,4.382,4.152,3.000,5.914,3.667,5.118
traction (medical),8,3.240,4.708,4.462,5.046,4.130,2.063,6.739,3.864,4.480
train (bridal),5,4.455,6.152,5.063,5.970,6.091,3.727,5.485,3.970,2.000
train (practice),5,5.235,6.647,6.125,4.314,4.758,5.677,4.088,4.429,5.382
train (procession),5,3.735,5.219,4.971,4.500,5.118,4.559,4.286,4.514,4.152
train (vehicle),5,3.743,5.286,5.091,6.588,6.629,6.294,2.600,5.600,5.229
trainer (coach),7,4.727,5.735,4.257,6.091,6.000,5.364,4.600,4.486,5.371
trainer (shoe),7,3.727,5.879,5.588,6.394,6.455,6.182,2.941,2.824,4.706
treble (music),6,5.324,5.879,5.697,4.455,4.375,4.032,5.303,3.469,3.906
treble (triple),6,4.152,5.406,5.546,3.943,3.571,4.800,4.943,4.314,4.171
trial (courtroom),5,5.029,3.794,3.212,5.829,6.353,5.030,5.206,5.559,4.853
trial (test),5,3.912,4.121,3.765,4.429,3.706,5.152,4.571,3.914,4.147
trunk (elephant),5,4.143,5.882,5.457,6.600,6.657,5.529,2.200,4.543,4.714
trunk (luggage),5,3.118,5.177,5.303,6.353,6.324,4.500,4.364,3.938,4.265
trunk (tree/body),5,4.059,5.441,5.152,6.429,6.571,4.941,2.706,5.088,4.941
tweet (bird),5,4.853,6.353,5.382,4.941,4.727,5.394,2.486,2.206,3.059
tweet (Twitter),5,4.091,5.171,5.800,4.400,5.147,5.912,6.829,2.853,3.829
type (category),4,3.343,5.029,5.030,3.286,2.588,5.257,3.571,4.303,4.118
type (typeface),4,2.750,5.281,5.033,4.548,4.194,4.882,4.800,2.800,4.219
unit (item),4,3.000,5.030,5.000,5.031,4.242,4.710,4.484,2.774,4.250
unit (measure),4,2.941,4.971,4.914,4.882,4.088,5.118,4.743,2.229,4.424
upset (sad),5,4.656,1.939,3.212,2.969,5.546,6.355,2.182,4.212,3.091
upset (unbalance),5,4.500,2.412,3.824,2.647,3.697,5.667,3.471,4.030,3.909
upset (unlikely victory),5,5.375,3.909,4.375,2.906,3.710,3.824,4.515,4.485,4.250
verse (poetry),5,4.813,6.281,5.194,5.129,5.030,5.969,4.531,3.484,3.273
verse (stanza),5,3.429,5.457,5.147,4.441,4.265,4.647,5.343,3.400,3.412
vet (investigate),3,3.933,4.788,5.750,3.594,2.938,3.353,5.406,4.121,4.281
vet (veteran),3,4.229,5.514,5.086,6.029,5.800,4.686,4.743,4.265,5.086
vet (veterinarian),3,4.200,6.200,5.286,6.143,5.971,5.229,3.229,4.800,3.429
vision (dream),6,6.625,6.906,5.400,2.656,4.438,5.531,4.807,5.355,3.194
vision (sight),6,5.294,6.971,6.235,4.529,4.257,5.406,3.912,4.382,3.714
volume (amount),6,3.667,5.333,5.030,4.424,3.094,5.710,4.546,4.970,4.438
volume (loudness),6,6.029,5.029,6.229,4.286,3.600,6.286,3.457,5.429,4.657
wake (awake),4,5.559,5.971,5.941,4.912,4.629,6.303,2.429,4.177,3.943
wake (funeral),4,2.485,2.000,3.871,5.313,5.323,4.581,5.531,4.355,4.032
wake (ship),4,3.767,5.303,5.313,5.800,5.200,3.057,5.844,4.909,4.882
ward (child),4,3.931,5.462,5.033,5.040,4.552,3.394,5.731,3.500,3.429
ward (hospital),4,3.471,4.206,3.147,6.382,6.438,5.394,4.206,5.000,3.424
warrant (justify),7,4.152,5.829,5.343,2.824,2.743,3.750,6.200,4.735,4.618
warrant (search),7,4.912,3.059,3.686,4.714,5.171,4.618,6.056,4.529,5.556
watch (look),5,4.486,5.118,5.286,4.147,4.147,6.455,2.200,3.529,3.794
watch (wrist),5,3.758,5.529,5.824,6.677,6.677,6.242,2.971,2.471,4.794
wave (gesture),4,4.818,6.455,6.200,5.429,6.265,6.294,2.059,3.088,3.485
wave (water),4,5.471,6.086,4.971,5.543,6.543,6.394,2.571,5.371,3.429
web (internet),3,5.912,6.429,5.818,5.200,5.257,6.606,4.941,5.500,4.686
web (spider),3,3.588,4.515,4.324,6.647,6.559,6.000,2.088,2.500,4.265
well (healthy),4,5.114,8.514,6.294,3.714,4.771,6.618,2.861,4.943,3.500
well (water),4,3.758,6.645,5.094,6.242,6.156,5.500,3.121,4.030,3.938
wind (breeze),4,4.829,5.265,5.000,4.914,4.914,6.371,2.343,4.314,3.600
wind (wrap around),4,3.765,5.294,5.563,4.677,4.314,5.059,3.914,3.382,3.697
wing (building),4,3.697,4.970,4.765,6.118,6.235,5.000,5.265,5.344,4.559
wing (improvise),4,5.824,5.706,5.813,2.618,3.226,4.188,5.686,4.235,4.529
wing (plane),4,4.313,5.182,4.636,6.636,6.594,5.813,3.118,5.097,4.273
wired (electric),5,5.200,5.242,4.657,4.943,4.677,5.000,4.543,3.382,4.909
wired (hyper),5,6.057,4.829,5.576,3.059,4.143,4.333,5.829,4.629,4.235
wood (forest),4,4.594,5.629,5.206,6.559,6.457,5.853,2.571,5.706,4.618
wood (lumber),4,3.265,5.143,5.314,6.647,6.429,5.829,2.914,4.057,5.486
wound (cut),5,5.206,2.857,3.743,6.086,6.371,5.912,3.529,3.314,4.543
wound (wrap around),5,4.152,4.441,4.265,4.531,4.853,5.029,4.606,3.656,3.697
yak (animal),3,3.742,5.448,5.214,6.483,5.767,3.059,4.903,3.379,4.500
yak (gab),3,3.704,4.267,5.407,3.741,3.308,3.029,5.107,3.154,3.192
yard (distance),4,3.371,5.029,4.571,5.171,4.559,4.486,4.943,3.559,4.771
yard (lawn),4,3.314,5.457,5.114,6.371,6.200,4.086,3.486,4.500,4.429
yarn (fabric),4,2.771,5.000,4.971,6.114,5.629,3.257,4.800,2.543,2.857
yarn (tale),4,4.091,5.529,4.818,3.294,2.559,2.879,5.485,3.824,3.636
